C0-01	https://www.coupang.com/np/search?q=%EC%9E%84%EC%8B%A0%ED%85%8C%EC%8A%A4%ED%8A%B8%EA%B8%B0&sorter=saleCountDesc&filterType=rocket
C0-02	https://www.coupang.com/np/search?q=%EB%B0%B0%EB%9E%80%ED%85%8C%EC%8A%A4%ED%8A%B8%EA%B8%B0&sorter=saleCountDesc&filterType=rocket
C0-03	https://www.coupang.com/np/search?q=%EC%97%BD%EC%82%B0&sorter=saleCountDesc&filterType=rocket
C0-04	https://www.coupang.com/np/search?q=%EC%9E%84%EC%82%B0%EB%B6%80+%EC%98%81%EC%96%91%EC%A0%9C&sorter=saleCountDesc&filterType=rocket
C0-05	https://www.coupang.com/np/search?q=%EC%9E%84%EC%82%B0%EB%B6%80+%EC%B2%A0%EB%B6%84%EC%A0%9C&sorter=saleCountDesc&filterType=rocket
C0-06	https://www.coupang.com/np/search?q=%EC%9E%85%EB%8D%A7+%EC%82%AC%ED%83%95&sorter=saleCountDesc&filterType=rocket
C0-07	https://www.coupang.com/np/search?q=%EC%9E%84%EC%82%B0%EB%B6%80+%EC%9C%A0%EC%82%B0%EA%B7%A0&sorter=saleCountDesc&filterType=rocket
C0-08	https://www.coupang.com/np/search?q=%EC%9E%84%EC%82%B0%EB%B6%80+%EC%98%A4%EB%A9%94%EA%B0%803&sorter=saleCountDesc&filterType=rocket
C0-09	https://www.coupang.com/np/search?q=%EA%B8%B0%EC%B4%88%EC%B2%B4%EC%98%A8%EA%B3%84&sorter=scoreDesc&rating=4
C0-10	https://www.coupang.com/np/search?q=%EC%9E%84%EC%8B%A0+%EC%B6%9C%EC%82%B0+%EC%9C%A1%EC%95%84+%EB%8C%80%EB%B0%B1%EA%B3%BC&sorter=scoreDesc&rating=4
C0-11	https://www.coupang.com/np/search?q=%ED%83%9C%EA%B5%90+%EB%8F%99%ED%99%94%EC%B1%85&sorter=scoreDesc&rating=4
C9-01	https://www.coupang.com/np/search?q=%EC%9E%84%EB%B6%80%EB%B3%B5&sorter=scoreDesc&rating=4
C9-02	https://www.coupang.com/np/search?q=%EC%88%98%EC%9C%A0%EB%B3%B5&sorter=scoreDesc&rating=4
C9-03	https://www.coupang.com/np/search?q=%ED%8A%BC%EC%82%B4%ED%81%AC%EB%A6%BC&sorter=saleCountDesc&filterType=rocket
C9-04	https://www.coupang.com/np/search?q=%EC%9E%84%EC%82%B0%EB%B6%80+%EB%B2%A0%EA%B0%9C&sorter=scoreDesc&rating=4
C9-05	https://www.coupang.com/np/search?q=%EC%9E%84%EC%82%B0%EB%B6%80+%EB%B3%B5%EB%8C%80&sorter=scoreDesc&rating=4
C9-06	https://www.coupang.com/np/search?q=%EC%88%98%EC%9C%A0%EB%B8%8C%EB%9D%BC&sorter=scoreDesc&rating=4
C9-07	https://www.coupang.com/np/search?q=%EC%82%B0%EB%AA%A8%ED%8C%A8%EB%93%9C&sorter=saleCountDesc&filterType=rocket
C9-08	https://www.coupang.com/np/search?q=%EB%8B%88%ED%94%8C%ED%81%AC%EB%A6%BC&sorter=saleCountDesc&filterType=rocket
C9-09	https://www.coupang.com/np/search?q=%EC%88%98%EC%9C%A0%ED%8C%A8%EB%93%9C&sorter=saleCountDesc&filterType=rocket
C9-10	https://www.coupang.com/np/search?q=%EC%82%B0%EB%AA%A8+%ED%8C%AC%ED%8B%B0&sorter=saleCountDesc&filterType=rocket
C9-11	https://www.coupang.com/np/search?q=%EC%82%B0%ED%9B%84+%EB%8F%84%EB%84%9B%EB%B0%A9%EC%84%9D&sorter=scoreDesc&rating=4
C9-12	https://www.coupang.com/np/search?q=%EC%82%B0%ED%9B%84%EB%B3%B5%EB%8C%80&sorter=scoreDesc&rating=4
C9-13	https://www.coupang.com/np/search?q=%EC%9E%84%EC%82%B0%EB%B6%80+%EC%95%95%EB%B0%95%EC%8A%A4%ED%83%80%ED%82%B9&sorter=scoreDesc&rating=4
C9-14	https://www.coupang.com/np/search?q=%EC%9E%84%EB%B6%80+%EB%82%B4%EB%B3%B5&sorter=scoreDesc&rating=4
C9-15	https://www.coupang.com/np/search?q=%EC%9E%84%EC%82%B0%EB%B6%80+%EB%B0%94%EB%94%94%EC%98%A4%EC%9D%BC&sorter=saleCountDesc&filterType=rocket
C9-16	https://www.coupang.com/np/search?q=%EC%86%90%EB%AA%A9%EB%B3%B4%ED%98%B8%EB%8C%80&sorter=scoreDesc&rating=4
C9-17	https://www.coupang.com/np/search?q=%EC%9E%84%EC%82%B0%EB%B6%80+%ED%8C%AC%ED%8B%B0&sorter=scoreDesc&rating=4
C9-18	https://www.coupang.com/np/search?q=%EC%9E%84%EC%82%B0%EB%B6%80+%EC%95%88%EC%A0%84%EB%B2%A8%ED%8A%B8&sorter=scoreDesc&rating=4
C9-19	https://www.coupang.com/np/search?q=%EC%9E%84%EC%82%B0%EB%B6%80+%EC%A7%90%EB%B3%BC&sorter=scoreDesc&rating=4
C9-20	https://www.coupang.com/np/search?q=%EC%9E%84%EC%82%B0%EB%B6%80+%EC%8B%A0%EB%B0%9C&sorter=scoreDesc&rating=4
C9-21	https://www.coupang.com/np/search?q=%EC%A2%8C%EC%9A%95%EA%B8%B0&sorter=scoreDesc&rating=4
C9-22	https://www.coupang.com/np/search?q=%EC%88%98%EC%9C%A0+%EC%B0%9C%EC%A7%88%ED%8C%A9&sorter=scoreDesc&rating=4
C9-23	https://www.coupang.com/np/search?q=%EC%82%B0%EB%AA%A8+%EC%88%98%EB%A9%B4%EC%96%91%EB%A7%90&sorter=scoreDesc&rating=4
C9-24	https://www.coupang.com/np/search?q=%ED%9A%8C%EC%9D%8C%EB%B6%80+%EC%84%B8%EC%A0%95%EA%B8%B0&sorter=scoreDesc&rating=4
C9-25	https://www.coupang.com/np/search?q=%EC%9C%A0%EC%B6%95%EB%B8%8C%EB%9D%BC&sorter=scoreDesc&rating=4
C9-26	https://www.coupang.com/np/search?q=%EC%82%B0%ED%9B%84+%EB%B3%B4%EC%A0%95%EC%86%8D%EC%98%B7&sorter=scoreDesc&rating=4
C11-01	https://www.coupang.com/np/search?q=%EC%9E%84%EB%B0%8D%EC%95%84%EC%9B%83+%EC%86%8C%ED%92%88&sorter=scoreDesc&rating=4
C11-02	https://www.coupang.com/np/search?q=%EC%A0%A0%EB%8D%94%EB%A6%AC%EB%B9%8C+%ED%8C%8C%ED%8B%B0&sorter=scoreDesc&rating=4
C11-03	https://www.coupang.com/np/search?q=%EB%B2%A0%EC%9D%B4%EB%B9%84%EC%83%A4%EC%9B%8C+%EC%9A%A9%ED%92%88&sorter=scoreDesc&rating=4
C11-04	https://www.coupang.com/np/search?q=%EB%A7%8C%EC%82%AD%EC%82%AC%EC%A7%84+%EC%86%8C%ED%92%88&sorter=scoreDesc&rating=4
C11-05	https://www.coupang.com/np/search?q=%ED%83%9C%EA%B5%90%EC%97%AC%ED%96%89+%EC%9A%A9%ED%92%88&sorter=scoreDesc&rating=4
C11-06	https://www.coupang.com/np/search?q=%EB%B0%B1%EC%9D%BC%EC%83%81+%EC%86%8C%ED%92%88&sorter=scoreDesc&rating=4
C11-07	https://www.coupang.com/np/search?q=%EB%8F%8C%EC%83%81+%EC%84%B8%ED%8A%B8&sorter=scoreDesc&rating=4
C11-08	https://www.coupang.com/np/search?q=%EC%84%B1%EC%9E%A5%EC%95%A8%EB%B2%94&sorter=scoreDesc&rating=4&minPrice=100000&maxPrice=1000000
C11-09	https://www.coupang.com/np/search?q=%EC%95%84%EA%B8%B0+%EC%86%90%EB%B0%9C%EB%8F%84%EC%9E%A5&sorter=scoreDesc&rating=4
C11-10	https://www.coupang.com/np/search?q=%EC%B4%88%EC%9D%8C%ED%8C%8C+%EC%95%A8%EB%B2%94&sorter=scoreDesc&rating=4
C11-11	https://www.coupang.com/np/search?q=%EB%8F%8C+%ED%95%9C%EB%B3%B5&sorter=scoreDesc&rating=4
C11-12	https://www.coupang.com/np/search?q=%EC%83%9D%EC%9D%BC%ED%8C%8C%ED%8B%B0+%EC%9A%A9%ED%92%88&sorter=scoreDesc&rating=4
C1-01	https://www.coupang.com/np/search?q=%EC%A0%96%EB%B3%91&sorter=scoreDesc&rating=4
C1-02	https://www.coupang.com/np/search?q=%EC%A0%96%EB%B3%91+%EC%A0%96%EA%BC%AD%EC%A7%80&sorter=saleCountDesc&filterType=rocket
C1-03	https://www.coupang.com/np/search?q=%EC%A0%96%EB%B3%91%EC%86%8C%EB%8F%85%EA%B8%B0&sorter=scoreDesc&rating=4
C1-04	https://www.coupang.com/np/search?q=%EC%A0%96%EB%B3%91%EA%B1%B4%EC%A1%B0%EB%8C%80&sorter=scoreDesc&rating=4
C1-05	https://www.coupang.com/np/search?q=%EC%9C%A0%EC%B6%95%EA%B8%B0&sorter=scoreDesc&rating=4
C1-06	https://www.coupang.com/np/search?q=%EB%B6%84%EC%9C%A0&sorter=saleCountDesc&filterType=rocket
C1-07	https://www.coupang.com/np/search?q=%EB%B6%84%EC%9C%A0%ED%8F%AC%ED%8A%B8&sorter=scoreDesc&rating=4
C1-08	https://www.coupang.com/np/search?q=%EC%88%98%EC%9C%A0%EC%BF%A0%EC%85%98&sorter=scoreDesc&rating=4
C1-09	https://www.coupang.com/np/search?q=%EC%8C%8D%EB%91%A5%EC%9D%B4+%EC%88%98%EC%9C%A0%EC%BF%A0%EC%85%98&sorter=scoreDesc&rating=4
C1-10	https://www.coupang.com/np/search?q=%EC%A0%96%EB%B3%91%EC%84%B8%EC%A0%95%EC%A0%9C&sorter=saleCountDesc&filterType=rocket
C1-11	https://www.coupang.com/np/search?q=%EC%A0%96%EB%B3%91%EC%84%B8%EC%B2%99%EC%86%94&sorter=saleCountDesc&filterType=rocket
C1-12	https://www.coupang.com/np/search?q=%EB%AA%A8%EC%9C%A0%EC%A0%80%EC%9E%A5%ED%8C%A9&sorter=saleCountDesc&filterType=rocket
C1-13	https://www.coupang.com/np/search?q=%EB%B6%84%EC%9C%A0%EC%BC%80%EC%9D%B4%EC%8A%A4&sorter=scoreDesc&rating=4
C1-14	https://www.coupang.com/np/search?q=%EC%A0%96%EB%B3%91%EC%A7%91%EA%B2%8C&sorter=scoreDesc&rating=4
C1-15	https://www.coupang.com/np/search?q=%EB%B6%84%EC%9C%A0%EC%A0%9C%EC%A1%B0%EA%B8%B0&sorter=scoreDesc&rating=4&minPrice=150000&maxPrice=500000
C1-16	https://www.coupang.com/np/search?q=%EC%A0%96%EB%B3%91%EC%9B%8C%EB%A8%B8&sorter=scoreDesc&rating=4
C1-17	https://www.coupang.com/np/search?q=%EC%9C%A0%EB%91%90%EB%B3%B4%ED%98%B8%EA%B8%B0&sorter=saleCountDesc&filterType=rocket
C1-18	https://www.coupang.com/np/search?q=%EC%88%98%EC%9C%A0%EC%9D%98%EC%9E%90&sorter=scoreDesc&rating=4&minPrice=100000&maxPrice=600000
C1-19	https://www.coupang.com/np/search?q=%EC%88%98%EC%9C%A0%EA%B0%80%EB%A6%AC%EA%B0%9C&sorter=scoreDesc&rating=4
C1-20	https://www.coupang.com/np/search?q=%EB%B6%84%EC%9C%A0+%EB%B3%B4%EC%98%A8%EB%B3%91&sorter=scoreDesc&rating=4
C1-21	https://www.coupang.com/np/search?q=%EC%9B%A8%EC%96%B4%EB%9F%AC%EB%B8%94+%EC%9C%A0%EC%B6%95%EA%B8%B0&sorter=scoreDesc&rating=4
C2-01	https://www.coupang.com/np/search?q=%EC%8B%A0%EC%83%9D%EC%95%84+%EA%B8%B0%EC%A0%80%EA%B7%80&sorter=saleCountDesc&filterType=rocket
C2-02	https://www.coupang.com/np/search?q=%ED%8C%AC%ED%8B%B0%ED%98%95+%EA%B8%B0%EC%A0%80%EA%B7%80&sorter=saleCountDesc&filterType=rocket
C2-03	https://www.coupang.com/np/search?q=%EC%95%84%EA%B8%B0+%EB%AC%BC%ED%8B%B0%EC%8A%88&sorter=saleCountDesc&filterType=rocket
C2-04	https://www.coupang.com/np/search?q=%EC%95%84%EA%B8%B0%EC%9A%95%EC%A1%B0&sorter=scoreDesc&rating=4
C2-05	https://www.coupang.com/np/search?q=%EC%95%84%EA%B8%B0+%EB%AA%A9%EC%9A%95%EC%9D%98%EC%9E%90&sorter=scoreDesc&rating=4
C2-06	https://www.coupang.com/np/search?q=%EA%B8%B0%EC%A0%80%EA%B7%80%EA%B0%88%EC%9D%B4%EB%8C%80&sorter=scoreDesc&rating=4
C2-07	https://www.coupang.com/np/search?q=%EA%B8%B0%EC%A0%80%EA%B7%80+%EC%A0%95%EB%A6%AC%ED%95%A8&sorter=scoreDesc&rating=4
C2-08	https://www.coupang.com/np/search?q=%EC%95%84%EA%B8%B0%EB%A1%9C%EC%85%98&sorter=saleCountDesc&filterType=rocket
C2-09	https://www.coupang.com/np/search?q=%EC%95%84%EA%B8%B0+%EB%B0%94%EB%94%94%EC%9B%8C%EC%8B%9C&sorter=saleCountDesc&filterType=rocket
C2-10	https://www.coupang.com/np/search?q=%EA%B8%B0%EC%A0%80%EA%B7%80+%ED%9C%B4%EC%A7%80%ED%86%B5&sorter=scoreDesc&rating=4
C2-11	https://www.coupang.com/np/search?q=%EB%AC%BC%ED%8B%B0%EC%8A%88+%EC%9B%8C%EB%A8%B8&sorter=scoreDesc&rating=4
C2-12	https://www.coupang.com/np/search?q=%EC%95%84%EA%B8%B0%EB%B9%84%EB%8D%B0&sorter=scoreDesc&rating=4
C2-13	https://www.coupang.com/np/search?q=%ED%83%95%EC%98%A8%EA%B3%84&sorter=scoreDesc&rating=4
C2-14	https://www.coupang.com/np/search?q=%EC%95%84%EA%B8%B0+%EB%AA%A9%EC%9A%95%ED%83%80%EC%9B%94&sorter=scoreDesc&rating=4
C2-15	https://www.coupang.com/np/search?q=%EC%95%84%EA%B8%B0+%EC%84%B8%ED%83%81%EC%84%B8%EC%A0%9C&sorter=saleCountDesc&filterType=rocket
C2-16	https://www.coupang.com/np/search?q=%EA%B8%B0%EC%A0%80%EA%B7%80+%EA%B5%90%ED%99%98%EB%A7%A4%ED%8A%B8&sorter=scoreDesc&rating=4
C2-17	https://www.coupang.com/np/search?q=%EC%9C%A0%EC%95%84+%EB%AA%A9%EC%9A%95%EA%B0%80%EC%9A%B4&sorter=scoreDesc&rating=4
C2-18	https://www.coupang.com/np/search?q=%EC%83%B4%ED%91%B8%EC%BA%A1&sorter=scoreDesc&rating=4
C3-01	https://www.coupang.com/np/search?q=%EC%95%84%EA%B8%B0%EC%B9%A8%EB%8C%80&sorter=scoreDesc&rating=4&minPrice=100000&maxPrice=700000
C3-02	https://www.coupang.com/np/search?q=%EC%95%84%EA%B8%B0+%EB%A7%A4%ED%8A%B8%EB%A6%AC%EC%8A%A4&sorter=scoreDesc&rating=4
C3-03	https://www.coupang.com/np/search?q=%EC%86%8D%EC%8B%B8%EA%B0%9C&sorter=scoreDesc&rating=4
C3-04	https://www.coupang.com/np/search?q=%EC%8A%A4%EC%99%80%EB%93%A4%EC%97%85&sorter=scoreDesc&rating=4
C3-05	https://www.coupang.com/np/search?q=%EB%B2%A0%EC%9D%B4%EB%B9%84%EB%AA%A8%EB%8B%88%ED%84%B0&sorter=scoreDesc&rating=4
C3-06	https://www.coupang.com/np/search?q=%EB%B0%B1%EC%83%89%EC%86%8C%EC%9D%8C%EA%B8%B0&sorter=scoreDesc&rating=4
C3-07	https://www.coupang.com/np/search?q=%EC%88%98%EC%9C%A0%EB%93%B1&sorter=scoreDesc&rating=4
C3-08	https://www.coupang.com/np/search?q=%EC%97%AD%EB%A5%98%EB%B0%A9%EC%A7%80%EC%BF%A0%EC%85%98&sorter=scoreDesc&rating=4
C3-09	https://www.coupang.com/np/search?q=%EC%95%84%EA%B8%B0+%EB%91%90%EC%83%81%EB%B2%A0%EA%B0%9C&sorter=scoreDesc&rating=4
C3-10	https://www.coupang.com/np/search?q=%EB%AA%A8%EB%A1%9C%EB%B0%98%EC%82%AC+%EB%B0%A9%EC%A7%80&sorter=scoreDesc&rating=4
C3-11	https://www.coupang.com/np/search?q=%EC%95%84%EA%B8%B0+%EB%B0%A9%EC%88%98%EC%9A%94&sorter=scoreDesc&rating=4
C3-12	https://www.coupang.com/np/search?q=%EC%95%84%EA%B8%B0+%EC%9D%B4%EB%B6%88%EC%84%B8%ED%8A%B8&sorter=scoreDesc&rating=4
C3-13	https://www.coupang.com/np/search?q=%EC%95%84%EA%B8%B0+%EB%B3%91%ED%92%8D&sorter=scoreDesc&rating=4
C3-14	https://www.coupang.com/np/search?q=%EC%9C%A0%EC%95%84+%EC%88%98%EB%A9%B4%EC%A1%B0%EB%81%BC&sorter=scoreDesc&rating=4
C3-15	https://www.coupang.com/np/search?q=%EC%96%B4%EB%A6%B0%EC%9D%B4%EC%A7%91+%EB%82%AE%EC%9E%A0%EC%9D%B4%EB%B6%88&sorter=scoreDesc&rating=4
C3-16	https://www.coupang.com/np/search?q=%EC%9C%A0%EC%95%84+%EB%B2%A0%EA%B0%9C&sorter=scoreDesc&rating=4
C3-17	https://www.coupang.com/np/search?q=%EC%95%94%EB%A7%89%EC%BB%A4%ED%8A%BC&sorter=scoreDesc&rating=4
C3-18	https://www.coupang.com/np/search?q=%EC%88%98%EB%A9%B4%EA%B5%90%EC%9C%A1+%EC%8B%9C%EA%B3%84&sorter=scoreDesc&rating=4
C4-01	https://www.coupang.com/np/search?q=%EC%9C%A0%EB%AA%A8%EC%B0%A8&sorter=scoreDesc&rating=4&minPrice=150000&maxPrice=1500000
C4-02	https://www.coupang.com/np/search?q=%EC%8C%8D%EB%91%A5%EC%9D%B4+%EC%9C%A0%EB%AA%A8%EC%B0%A8&sorter=scoreDesc&rating=4&minPrice=300000&maxPrice=2000000
C4-03	https://www.coupang.com/np/search?q=%EC%B9%B4%EC%8B%9C%ED%8A%B8&sorter=scoreDesc&rating=4&minPrice=150000&maxPrice=1200000
C4-04	https://www.coupang.com/np/search?q=%EC%95%84%EA%B8%B0%EB%9D%A0&sorter=scoreDesc&rating=4
C4-05	https://www.coupang.com/np/search?q=%ED%9E%99%EC%8B%9C%ED%8A%B8&sorter=scoreDesc&rating=4
C4-06	https://www.coupang.com/np/search?q=%EA%B8%B0%EC%A0%80%EA%B7%80%EA%B0%80%EB%B0%A9&sorter=scoreDesc&rating=4
C4-07	https://www.coupang.com/np/search?q=%EC%9C%A0%EB%AA%A8%EC%B0%A8+%EB%B0%A9%ED%95%9C%EC%BB%A4%EB%B2%84&sorter=scoreDesc&rating=4
C4-08	https://www.coupang.com/np/search?q=%EC%9C%A0%EB%AA%A8%EC%B0%A8+%EC%A0%95%EB%A6%AC%ED%95%A8&sorter=scoreDesc&rating=4
C4-09	https://www.coupang.com/np/search?q=%EB%B0%94%EA%B5%AC%EB%8B%88%EC%B9%B4%EC%8B%9C%ED%8A%B8&sorter=scoreDesc&rating=4&minPrice=100000&maxPrice=600000
C4-10	https://www.coupang.com/np/search?q=%EC%9C%A0%EB%AA%A8%EC%B0%A8+%EC%BF%A8%EC%8B%9C%ED%8A%B8&sorter=scoreDesc&rating=4
C4-11	https://www.coupang.com/np/search?q=%ED%9C%B4%EB%8C%80%EC%9A%A9+%EC%9C%A0%EB%AA%A8%EC%B0%A8&sorter=scoreDesc&rating=4&minPrice=100000&maxPrice=700000
C4-12	https://www.coupang.com/np/search?q=%EC%95%84%EA%B8%B0+%EC%8B%A0%EB%B0%9C&sorter=saleCountDesc&filterType=rocket
C4-13	https://www.coupang.com/np/search?q=%EB%AF%B8%EC%95%84%EB%B0%A9%EC%A7%80+%EA%B0%80%EB%B0%A9&sorter=scoreDesc&rating=4
C4-14	https://www.coupang.com/np/search?q=%EC%96%B4%EB%A6%B0%EC%9D%B4%EC%A7%91+%EA%B0%80%EB%B0%A9&sorter=scoreDesc&rating=4
C4-15	https://www.coupang.com/np/search?q=%EC%A3%BC%EB%8B%88%EC%96%B4+%EC%B9%B4%EC%8B%9C%ED%8A%B8&sorter=scoreDesc&rating=4&minPrice=100000&maxPrice=400000
C4-16	https://www.coupang.com/np/search?q=%EC%9C%A0%EC%95%84+%ED%82%A5%EB%B3%B4%EB%93%9C&sorter=scoreDesc&rating=4
C4-17	https://www.coupang.com/np/search?q=%EC%9C%A0%EC%95%84+%ED%97%AC%EB%A9%A7&sorter=scoreDesc&rating=4
C4-18	https://www.coupang.com/np/search?q=%EC%9C%A0%EC%95%84+%EC%9A%B0%EC%82%B0&sorter=scoreDesc&rating=4
C4-20	https://www.coupang.com/np/search?q=%ED%8F%AC%EB%8C%80%EA%B8%B0&sorter=scoreDesc&rating=4
C4-19	https://www.coupang.com/np/search?q=%EC%B4%88%EB%93%B1+%EC%B1%85%EA%B0%80%EB%B0%A9&sorter=scoreDesc&rating=4
C4-21	https://www.coupang.com/np/search?q=%EC%95%84%EA%B8%B0+%EC%B0%A8%EB%9F%89+%ED%96%87%EB%B9%9B%EA%B0%80%EB%A6%AC%EA%B0%9C&sorter=scoreDesc&rating=4
C4-22	https://www.coupang.com/np/search?q=%EC%9C%A0%EC%95%84+%EC%83%8C%EB%93%A4&sorter=scoreDesc&rating=4
C4-23	https://www.coupang.com/np/search?q=%EC%9C%A0%EC%95%84+%EC%9A%B4%EB%8F%99%ED%99%94&sorter=scoreDesc&rating=4
C4-24	https://www.coupang.com/np/search?q=%EC%9C%A0%EC%95%84+%EC%BA%90%EB%A6%AC%EC%96%B4&sorter=scoreDesc&rating=4
C4-25	https://www.coupang.com/np/search?q=%EC%96%B4%EB%A6%B0%EC%9D%B4+%EB%B0%98%EC%82%AC%EB%B0%B4%EB%93%9C&sorter=scoreDesc&rating=4
C5-01	https://www.coupang.com/np/search?q=%EB%B0%B0%EB%83%87%EC%A0%80%EA%B3%A0%EB%A6%AC&sorter=scoreDesc&rating=4
C5-02	https://www.coupang.com/np/search?q=%EC%95%84%EA%B8%B0+%EC%9A%B0%EC%A3%BC%EB%B3%B5&sorter=scoreDesc&rating=4
C5-03	https://www.coupang.com/np/search?q=%EB%B0%94%EB%94%94%EC%8A%88%ED%8A%B8&sorter=scoreDesc&rating=4
C5-04	https://www.coupang.com/np/search?q=%EC%86%90%EC%8B%B8%EA%B0%9C&sorter=scoreDesc&rating=4
C5-05	https://www.coupang.com/np/search?q=%EC%95%84%EA%B8%B0%EC%96%91%EB%A7%90&sorter=saleCountDesc&filterType=rocket
C5-06	https://www.coupang.com/np/search?q=%EC%95%84%EA%B8%B0+%ED%84%B1%EB%B0%9B%EC%9D%B4&sorter=scoreDesc&rating=4
C5-07	https://www.coupang.com/np/search?q=%EC%95%84%EA%B8%B0+%EC%86%90%EC%88%98%EA%B1%B4&sorter=saleCountDesc&filterType=rocket
C5-08	https://www.coupang.com/np/search?q=%EC%8B%A0%EC%83%9D%EC%95%84+%EB%AA%A8%EC%9E%90&sorter=scoreDesc&rating=4
C5-09	https://www.coupang.com/np/search?q=%EA%B2%89%EC%8B%B8%EA%B0%9C&sorter=scoreDesc&rating=4
C5-10	https://www.coupang.com/np/search?q=%EC%B9%A8%EB%B0%9B%EC%9D%B4&sorter=scoreDesc&rating=4
C5-11	https://www.coupang.com/np/search?q=%EC%95%84%EA%B8%B0+%EB%82%B4%EB%B3%B5&sorter=scoreDesc&rating=4
C5-12	https://www.coupang.com/np/search?q=%EC%95%84%EA%B8%B0+%EC%99%B8%EC%B6%9C%EB%B3%B5&sorter=scoreDesc&rating=4
C5-13	https://www.coupang.com/np/search?q=%EC%9C%A0%EC%95%84+%EC%9A%B0%EB%B9%84&sorter=scoreDesc&rating=4
C5-14	https://www.coupang.com/np/search?q=%EB%84%A4%EC%9E%84%EC%8A%A4%ED%8B%B0%EC%BB%A4&sorter=saleCountDesc&filterType=rocket
C5-15	https://www.coupang.com/np/search?q=%EC%B4%88%EB%93%B1+%EC%8B%A4%EB%82%B4%ED%99%94&sorter=scoreDesc&rating=4
C5-16	https://www.coupang.com/np/search?q=%EC%9C%A0%EC%95%84+%EC%88%98%EC%98%81%EB%B3%B5&sorter=scoreDesc&rating=4
C5-17	https://www.coupang.com/np/search?q=%EC%9C%A0%EC%95%84+%EB%B2%99%EA%B1%B0%EC%A7%80+%EB%AA%A8%EC%9E%90&sorter=scoreDesc&rating=4
C5-18	https://www.coupang.com/np/search?q=%EC%9C%A0%EC%95%84+%EB%82%B4%EB%B3%B5+90&sorter=scoreDesc&rating=4
C5-19	https://www.coupang.com/np/search?q=%EC%9C%A0%EC%95%84+%ED%8C%A8%EB%94%A9&sorter=scoreDesc&rating=4
C5-20	https://www.coupang.com/np/search?q=%EC%9C%A0%EC%95%84+%EC%9E%A5%EA%B0%91&sorter=scoreDesc&rating=4
C5-21	https://www.coupang.com/np/search?q=%EC%9C%A0%EC%95%84+%EB%A0%88%EA%B9%85%EC%8A%A4&sorter=scoreDesc&rating=4
C5-22	https://www.coupang.com/np/search?q=%EC%96%B4%EB%A6%B0%EC%9D%B4%EC%A7%91+%EC%97%AC%EB%B2%8C%EC%98%B7&sorter=scoreDesc&rating=4
C5-23	https://www.coupang.com/np/search?q=%EC%9C%A0%EC%95%84+%ED%8C%AC%ED%8B%B0&sorter=scoreDesc&rating=4
C6-01	https://www.coupang.com/np/search?q=%EC%95%84%EA%B8%B0+%EC%B2%B4%EC%98%A8%EA%B3%84&sorter=scoreDesc&rating=4
C6-02	https://www.coupang.com/np/search?q=%EC%BD%A7%EB%AC%BC%ED%9D%A1%EC%9E%85%EA%B8%B0&sorter=scoreDesc&rating=4
C6-03	https://www.coupang.com/np/search?q=%EC%95%84%EA%B8%B0+%EA%B0%80%EC%8A%B5%EA%B8%B0&sorter=scoreDesc&rating=4
C6-04	https://www.coupang.com/np/search?q=%EA%B3%B5%EA%B8%B0%EC%B2%AD%EC%A0%95%EA%B8%B0&sorter=scoreDesc&rating=4&minPrice=100000&maxPrice=800000
C6-05	https://www.coupang.com/np/search?q=%EC%95%84%EA%B8%B0+%EC%86%90%ED%86%B1%EA%B0%80%EC%9C%84&sorter=scoreDesc&rating=4
C6-06	https://www.coupang.com/np/search?q=%EA%B5%AC%EA%B0%95%ED%8B%B0%EC%8A%88&sorter=saleCountDesc&filterType=rocket
C6-07	https://www.coupang.com/np/search?q=%EC%95%84%EA%B8%B0+%ED%95%B4%EC%97%B4%EC%A0%9C&sorter=saleCountDesc&filterType=rocket
C6-08	https://www.coupang.com/np/search?q=%EC%95%84%EA%B8%B0+%EB%B9%84%ED%83%80%EB%AF%BCD&sorter=saleCountDesc&filterType=rocket
C6-09	https://www.coupang.com/np/search?q=%EA%B8%B0%EC%A0%80%EA%B7%80+%EB%B0%9C%EC%A7%84%EC%97%B0%EA%B3%A0&sorter=saleCountDesc&filterType=rocket
C6-10	https://www.coupang.com/np/search?q=%EC%95%84%EA%B8%B0%EB%A9%B4%EB%B4%89&sorter=saleCountDesc&filterType=rocket
C6-11	https://www.coupang.com/np/search?q=%EC%95%84%EA%B8%B0+%EC%84%A0%ED%81%AC%EB%A6%BC&sorter=saleCountDesc&filterType=rocket
C6-12	https://www.coupang.com/np/search?q=%EC%98%A8%EC%8A%B5%EB%8F%84%EA%B3%84&sorter=scoreDesc&rating=4
C6-13	https://www.coupang.com/np/search?q=%EC%9C%A0%EC%95%84+%EC%B9%AB%EC%86%94&sorter=saleCountDesc&filterType=rocket
C6-14	https://www.coupang.com/np/search?q=%EC%9C%A0%EC%95%84+%EB%A7%88%EC%8A%A4%ED%81%AC&sorter=saleCountDesc&filterType=rocket
C6-15	https://www.coupang.com/np/search?q=%EC%95%84%EA%B8%B0+%ED%88%AC%EC%95%BD%EA%B8%B0&sorter=scoreDesc&rating=4
C6-16	https://www.coupang.com/np/search?q=%EC%9C%A0%EC%95%84+%ED%95%B8%EB%93%9C%EC%9B%8C%EC%8B%9C&sorter=saleCountDesc&filterType=rocket
C6-17	https://www.coupang.com/np/search?q=%EC%9C%A0%EC%95%84+%EC%B9%98%EC%8B%A4&sorter=saleCountDesc&filterType=rocket
C7-01	https://www.coupang.com/np/search?q=%EC%95%84%EA%B8%B0+%EB%AA%A8%EB%B9%8C&sorter=scoreDesc&rating=4
C7-02	https://www.coupang.com/np/search?q=%EC%B9%98%EB%B0%9C%EA%B8%B0&sorter=saleCountDesc&filterType=rocket
C7-03	https://www.coupang.com/np/search?q=%EC%95%84%EA%B8%B0%EC%B2%B4%EC%9C%A1%EA%B4%80&sorter=scoreDesc&rating=4
C7-04	https://www.coupang.com/np/search?q=%EC%95%84%EA%B8%B0+%EB%86%80%EC%9D%B4%EB%A7%A4%ED%8A%B8&sorter=scoreDesc&rating=4
C7-05	https://www.coupang.com/np/search?q=%EC%A0%90%ED%8D%BC%EB%A3%A8&sorter=scoreDesc&rating=4
C7-06	https://www.coupang.com/np/search?q=%EC%82%AC%EC%9A%B4%EB%93%9C%EB%B6%81&sorter=scoreDesc&rating=4
C7-07	https://www.coupang.com/np/search?q=%EC%95%84%EA%B8%B0+%EB%B3%B4%ED%96%89%EA%B8%B0&sorter=scoreDesc&rating=4
C7-08	https://www.coupang.com/np/search?q=%EC%B4%88%EC%A0%90%EC%B1%85&sorter=scoreDesc&rating=4
C7-09	https://www.coupang.com/np/search?q=%ED%84%B0%EB%AF%B8%ED%83%80%EC%9E%84+%EC%BF%A0%EC%85%98&sorter=scoreDesc&rating=4
C7-10	https://www.coupang.com/np/search?q=%EC%AA%BD%EC%AA%BD%EC%9D%B4&sorter=saleCountDesc&filterType=rocket
C7-11	https://www.coupang.com/np/search?q=%EC%98%A4%EB%B3%BC&sorter=scoreDesc&rating=4
C7-12	https://www.coupang.com/np/search?q=%EC%95%84%EA%B8%B0+%EB%B8%94%EB%A1%9D&sorter=scoreDesc&rating=4
C7-13	https://www.coupang.com/np/search?q=%EC%95%84%EA%B8%B0+%EB%AA%A9%EC%9A%95+%EC%9E%A5%EB%82%9C%EA%B0%90&sorter=scoreDesc&rating=4
C7-14	https://www.coupang.com/np/search?q=%EC%9C%A0%EC%95%84+%EB%B6%95%EB%B6%95%EC%B9%B4&sorter=scoreDesc&rating=4
C7-15	https://www.coupang.com/np/search?q=%EC%9C%A0%EC%95%84+%EA%B7%B8%EB%A6%BC%EC%B1%85&sorter=scoreDesc&rating=4
C7-16	https://www.coupang.com/np/search?q=%EC%9C%A0%EC%95%84+%ED%81%AC%EB%A0%88%EC%9A%A9&sorter=saleCountDesc&filterType=rocket
C7-17	https://www.coupang.com/np/search?q=%EC%9C%A0%EC%95%84+%ED%8D%BC%EC%A6%90&sorter=scoreDesc&rating=4
C7-18	https://www.coupang.com/np/search?q=%EB%B0%B8%EB%9F%B0%EC%8A%A4%EB%B0%94%EC%9D%B4%ED%81%AC&sorter=scoreDesc&rating=4
C7-19	https://www.coupang.com/np/search?q=%EC%9C%A0%EC%95%84+%EC%A3%BC%EB%B0%A9%EB%86%80%EC%9D%B4&sorter=scoreDesc&rating=4
C7-20	https://www.coupang.com/np/search?q=%EC%9C%A0%EC%95%84+%EB%B3%B4%EC%A1%B0%EB%B0%94%ED%80%B4+%EC%9E%90%EC%A0%84%EA%B1%B0&sorter=scoreDesc&rating=4
C7-21	https://www.coupang.com/np/search?q=%EC%9C%A0%EC%95%84+%ED%95%9C%EA%B8%80+%EC%9B%8C%ED%81%AC%EB%B6%81&sorter=saleCountDesc&filterType=rocket
C7-22	https://www.coupang.com/np/search?q=%EC%9C%A0%EC%95%84+%EC%95%88%EC%A0%84%EA%B0%80%EC%9C%84&sorter=saleCountDesc&filterType=rocket
C7-23	https://www.coupang.com/np/search?q=%EC%B4%88%EB%93%B1+%ED%95%84%ED%86%B5&sorter=scoreDesc&rating=4
C7-25	https://www.coupang.com/np/search?q=%EC%8B%A0%EC%83%9D%EC%95%84+%EB%B0%94%EC%9A%B4%EC%84%9C&sorter=scoreDesc&rating=4
C7-26	https://www.coupang.com/np/search?q=%EC%95%A0%EC%B0%A9%EC%9D%B8%ED%98%95&sorter=scoreDesc&rating=4
C7-24	https://www.coupang.com/np/search?q=%EC%8B%9C%EA%B3%84+%EB%B3%B4%EA%B8%B0+%EA%B5%90%EA%B5%AC&sorter=scoreDesc&rating=4
C7-27	https://www.coupang.com/np/search?q=%EB%94%B8%EB%9E%91%EC%9D%B4&sorter=scoreDesc&rating=4
C7-28	https://www.coupang.com/np/search?q=%EC%95%84%EA%B8%B0+%EA%B1%B0%EC%9A%B8+%EC%9E%A5%EB%82%9C%EA%B0%90&sorter=scoreDesc&rating=4
C7-29	https://www.coupang.com/np/search?q=%EB%B3%BC%ED%92%80%EA%B3%B5&sorter=scoreDesc&rating=4
C7-30	https://www.coupang.com/np/search?q=%EC%9C%A0%EC%95%84+%EB%AF%B8%EB%81%84%EB%9F%BC%ED%8B%80&sorter=scoreDesc&rating=4
C7-31	https://www.coupang.com/np/search?q=%EB%AA%A8%EB%9E%98%EB%86%80%EC%9D%B4+%EC%84%B8%ED%8A%B8&sorter=scoreDesc&rating=4
C7-32	https://www.coupang.com/np/search?q=%EC%9C%A0%EC%95%84+%EC%95%85%EA%B8%B0+%EC%9E%A5%EB%82%9C%EA%B0%90&sorter=scoreDesc&rating=4
C7-33	https://www.coupang.com/np/search?q=%EC%9C%A0%EC%95%84+%EA%B5%AC%EB%AA%85%EC%A1%B0%EB%81%BC&sorter=scoreDesc&rating=4
C7-34	https://www.coupang.com/np/search?q=%EC%9C%A0%EC%95%84+%EC%8A%A4%ED%8B%B0%EC%BB%A4%EB%B6%81&sorter=saleCountDesc&filterType=rocket
C7-35	https://www.coupang.com/np/search?q=%EC%9E%90%EC%84%9D+%EB%B8%94%EB%A1%9D&sorter=scoreDesc&rating=4
C7-36	https://www.coupang.com/np/search?q=%EC%9C%A0%EC%95%84+%EC%9D%B4%EC%A0%A4&sorter=scoreDesc&rating=4
C7-37	https://www.coupang.com/np/search?q=%EC%9C%A0%EC%95%84+%EA%B3%BC%ED%95%99+%EA%B5%90%EA%B5%AC&sorter=scoreDesc&rating=4
C7-38	https://www.coupang.com/np/search?q=%EC%9C%A0%EC%95%84+%EB%B3%B4%EB%93%9C%EA%B2%8C%EC%9E%84&sorter=scoreDesc&rating=4
C7-39	https://www.coupang.com/np/search?q=%EC%96%B4%EB%A6%B0%EC%9D%B4+%EC%A4%84%EB%84%98%EA%B8%B0&sorter=scoreDesc&rating=4
C8-01	https://www.coupang.com/np/search?q=%EC%9D%B4%EC%9C%A0%EC%8B%9D%EB%A7%88%EC%8A%A4%ED%84%B0%EA%B8%B0&sorter=scoreDesc&rating=4&minPrice=100000&maxPrice=400000
C8-02	https://www.coupang.com/np/search?q=%EC%95%84%EA%B8%B0%EC%9D%98%EC%9E%90&sorter=scoreDesc&rating=4
C8-03	https://www.coupang.com/np/search?q=%EC%9D%B4%EC%9C%A0%EC%8B%9D+%EC%9A%A9%EA%B8%B0&sorter=scoreDesc&rating=4
C8-04	https://www.coupang.com/np/search?q=%EC%95%84%EA%B8%B0%EC%8B%9D%ED%8C%90&sorter=scoreDesc&rating=4
C8-05	https://www.coupang.com/np/search?q=%EC%9D%B4%EC%9C%A0%EC%8B%9D+%EC%8A%A4%ED%91%BC&sorter=scoreDesc&rating=4
C8-06	https://www.coupang.com/np/search?q=%EC%95%84%EA%B8%B0+%EB%B9%A8%EB%8C%80%EC%BB%B5&sorter=scoreDesc&rating=4
C8-07	https://www.coupang.com/np/search?q=%EC%8B%9C%ED%8C%90+%EC%9D%B4%EC%9C%A0%EC%8B%9D&sorter=saleCountDesc&filterType=rocket
C8-08	https://www.coupang.com/np/search?q=%EC%9D%B4%EC%9C%A0%EC%8B%9D+%ED%81%90%EB%B8%8C&sorter=scoreDesc&rating=4
C8-09	https://www.coupang.com/np/search?q=%EC%8B%A4%EB%A6%AC%EC%BD%98+%ED%84%B1%EB%B0%9B%EC%9D%B4&sorter=scoreDesc&rating=4
C8-10	https://www.coupang.com/np/search?q=%EC%95%84%EA%B8%B0+%EB%AC%BC%EB%B3%91&sorter=scoreDesc&rating=4
C8-11	https://www.coupang.com/np/search?q=%EC%95%84%EA%B8%B0+%EA%B0%84%EC%8B%9D%ED%86%B5&sorter=scoreDesc&rating=4
C8-12	https://www.coupang.com/np/search?q=%ED%95%B8%EB%93%9C%EB%B8%94%EB%A0%8C%EB%8D%94&sorter=scoreDesc&rating=4
C8-13	https://www.coupang.com/np/search?q=%EC%95%84%EA%B8%B0+%ED%9D%A1%EC%B0%A9%EB%B3%BC&sorter=scoreDesc&rating=4
C8-14	https://www.coupang.com/np/search?q=%EC%9C%A0%EC%95%84+%ED%8F%AC%ED%81%AC+%EC%8A%A4%ED%91%BC&sorter=scoreDesc&rating=4
C8-15	https://www.coupang.com/np/search?q=%EC%9C%A0%EC%95%84+%EB%B6%80%EC%8A%A4%ED%84%B0+%EC%9D%98%EC%9E%90&sorter=scoreDesc&rating=4
C8-16	https://www.coupang.com/np/search?q=%EC%9C%A0%EC%95%84+%EC%BB%B5&sorter=scoreDesc&rating=4
C8-17	https://www.coupang.com/np/search?q=%EC%9D%B4%EC%9C%A0%EC%8B%9D+%EC%8C%80%EA%B0%80%EB%A3%A8&sorter=saleCountDesc&filterType=rocket
C8-18	https://www.coupang.com/np/search?q=%EC%9D%B4%EC%9C%A0%EC%8B%9D+%EB%83%84%EB%B9%84&sorter=scoreDesc&rating=4
C8-19	https://www.coupang.com/np/search?q=%EC%95%84%EA%B8%B0+%EC%8C%80%EA%B3%BC%EC%9E%90&sorter=saleCountDesc&filterType=rocket
C8-20	https://www.coupang.com/np/search?q=%EC%9C%A0%EC%95%84+%EB%A9%B8%EA%B7%A0%EC%9A%B0%EC%9C%A0&sorter=saleCountDesc&filterType=rocket
C8-21	https://www.coupang.com/np/search?q=%EC%96%B4%EB%A6%B0%EC%9D%B4%EC%A7%91+%EC%88%98%EC%A0%80%EC%BC%80%EC%9D%B4%EC%8A%A4&sorter=scoreDesc&rating=4
C8-22	https://www.coupang.com/np/search?q=%EC%9C%A0%EC%95%84+%EB%B3%B4%EC%98%A8%EB%B3%B4%EB%83%89+%EB%AC%BC%EB%B3%91&sorter=scoreDesc&rating=4
C13-01	https://www.coupang.com/np/search?q=%EC%9C%A0%EC%95%84+%EB%B3%80%EA%B8%B0&sorter=scoreDesc&rating=4
C13-02	https://www.coupang.com/np/search?q=%EC%9C%A0%EC%95%84+%EB%B3%80%EA%B8%B0%EC%BB%A4%EB%B2%84&sorter=scoreDesc&rating=4
C13-03	https://www.coupang.com/np/search?q=%EC%9C%A0%EC%95%84+%EB%B0%9C%ED%8C%90&sorter=scoreDesc&rating=4
C13-04	https://www.coupang.com/np/search?q=%EB%B0%B0%EB%B3%80%ED%9B%88%EB%A0%A8+%ED%8C%AC%ED%8B%B0&sorter=saleCountDesc&filterType=rocket
C13-05	https://www.coupang.com/np/search?q=%EC%9C%A0%EC%95%84+%EB%B0%A9%EC%88%98%EB%A7%A4%ED%8A%B8&sorter=scoreDesc&rating=4
C13-06	https://www.coupang.com/np/search?q=%EB%B0%B0%EB%B3%80%ED%9B%88%EB%A0%A8+%EC%8A%A4%ED%8B%B0%EC%BB%A4&sorter=scoreDesc&rating=4
C13-07	https://www.coupang.com/np/search?q=%ED%9C%B4%EB%8C%80%EC%9A%A9+%EC%9C%A0%EC%95%84+%EB%B3%80%EA%B8%B0&sorter=scoreDesc&rating=4
C13-08	https://www.coupang.com/np/search?q=%EC%95%BC%EA%B0%84+%ED%8C%AC%ED%8B%B0+%EA%B8%B0%EC%A0%80%EA%B7%80&sorter=saleCountDesc&filterType=rocket
C12-01	https://www.coupang.com/np/search?q=%EC%95%84%EA%B8%B0+%EC%84%9C%EB%9E%8D%EC%9E%A5&sorter=scoreDesc&rating=4
C12-02	https://www.coupang.com/np/search?q=%EC%9C%A0%EC%95%84+%EC%B1%85%EC%9E%A5&sorter=scoreDesc&rating=4
C12-03	https://www.coupang.com/np/search?q=%EA%B8%B0%EC%A0%80%EA%B7%80+%ED%8A%B8%EB%A1%A4%EB%A6%AC&sorter=scoreDesc&rating=4
C12-04	https://www.coupang.com/np/search?q=%EC%9C%A0%EC%95%84+%EC%98%B7%EC%9E%A5&sorter=scoreDesc&rating=4
C12-05	https://www.coupang.com/np/search?q=%EC%95%84%EA%B8%B0+%EC%86%8C%ED%8C%8C&sorter=scoreDesc&rating=4
C12-06	https://www.coupang.com/np/search?q=%EC%9C%A0%EC%95%84+%EC%B1%85%EC%83%81&sorter=scoreDesc&rating=4
C12-07	https://www.coupang.com/np/search?q=%EC%9E%A5%EB%82%9C%EA%B0%90+%EC%A0%95%EB%A6%AC%ED%95%A8&sorter=scoreDesc&rating=4
C12-08	https://www.coupang.com/np/search?q=%EC%96%B4%EB%A6%B0%EC%9D%B4+%EC%B9%A8%EB%8C%80&sorter=scoreDesc&rating=4&minPrice=150000&maxPrice=500000
C12-09	https://www.coupang.com/np/search?q=%ED%95%99%EC%83%9D+%EC%B1%85%EC%83%81+%EC%8A%A4%ED%83%A0%EB%93%9C&sorter=scoreDesc&rating=4
C12-10	https://www.coupang.com/np/search?q=%EC%9C%A0%EC%95%84+%ED%96%89%EA%B1%B0&sorter=scoreDesc&rating=4
C10-01	https://www.coupang.com/np/search?q=%EC%9C%A0%EC%95%84+%EC%95%88%EC%A0%84%EB%AC%B8&sorter=scoreDesc&rating=4
C10-02	https://www.coupang.com/np/search?q=%EB%AA%A8%EC%84%9C%EB%A6%AC%EB%B3%B4%ED%98%B8%EB%8C%80&sorter=saleCountDesc&filterType=rocket
C10-03	https://www.coupang.com/np/search?q=%EC%BD%98%EC%84%BC%ED%8A%B8+%EC%95%88%EC%A0%84%EC%BB%A4%EB%B2%84&sorter=scoreDesc&rating=4
C10-04	https://www.coupang.com/np/search?q=%EC%84%9C%EB%9E%8D+%EC%9E%A0%EA%B8%88%EC%9E%A5%EC%B9%98&sorter=scoreDesc&rating=4
C10-05	https://www.coupang.com/np/search?q=%EC%9A%95%EC%8B%A4+%EB%AF%B8%EB%81%84%EB%9F%BC%EB%B0%A9%EC%A7%80+%EB%A7%A4%ED%8A%B8&sorter=scoreDesc&rating=4
C10-06	https://www.coupang.com/np/search?q=%EB%AC%B8+%EB%81%BC%EC%9E%84%EB%B0%A9%EC%A7%80&sorter=scoreDesc&rating=4
C10-07	https://www.coupang.com/np/search?q=%EA%B0%80%EA%B5%AC+%EC%A0%84%EB%8F%84%EB%B0%A9%EC%A7%80&sorter=scoreDesc&rating=4
C10-08	https://www.coupang.com/np/search?q=%EC%B0%BD%EB%AC%B8+%EC%9E%A0%EA%B8%88%EC%9E%A5%EC%B9%98&sorter=scoreDesc&rating=4
C10-09	https://www.coupang.com/np/search?q=%EC%95%84%EA%B8%B0+%EB%AA%A8%EA%B8%B0%EC%9E%A5&sorter=scoreDesc&rating=4
C10-10	https://www.coupang.com/np/search?q=%EC%95%84%EA%B8%B0+%EB%A8%B8%EB%A6%AC%EB%B3%B4%ED%98%B8%EB%8C%80&sorter=scoreDesc&rating=4
C10-11	https://www.coupang.com/np/search?q=%EA%B0%80%EC%8A%A4%EB%A0%88%EC%9D%B8%EC%A7%80+%EC%95%88%EC%A0%84%EC%BB%A4%EB%B2%84&sorter=scoreDesc&rating=4
C10-12	https://www.coupang.com/np/search?q=%EB%B3%80%EA%B8%B0+%EC%9E%A0%EA%B8%88%EC%9E%A5%EC%B9%98&sorter=scoreDesc&rating=4
C10-13	https://www.coupang.com/np/search?q=%EB%82%9C%EA%B0%84+%EC%95%88%EC%A0%84%EB%A7%9D&sorter=scoreDesc&rating=4
